,Dwelling Units,Job Opportunities,GFA,Site GFA,Stories,Floor-to-Floor Height,Length,Width,Site L,Site W,Solar Roof Area,Residential GFA,Office GFA,Retail GFA,Supermarket GFA,Restaurant GFA,Education GFA,Medical GFA,Lodging GFA,Industrial GFA,CapEx,Annual Revenue
R2,32,0,3135,864.084375,4,3.0478,55.99107072,13.99776768,58.79062425,14.69765606,783.7500001,3135,0,0,0,0,0,0,0,0,14339490,2022075
O1,0,200,46320,4255.65,12,3.9624,76.09204952,50.72803301,79.89665199,53.26443466,3860,0,46320,0,0,0,0,0,0,0,236834160,23947440
C1,0,20,2090,2304.225,1,3.0478,91.43303561,22.8582589,96.00468739,24.00117185,2090,0,0,2090,0,0,0,0,0,0,7873803.86,877366.7158
L1,0,150,11345,2084.64375,6,3.9624,84.76536242,22.30667432,89.00363054,23.42200804,1890.833333,0,0,0,0,0,0,0,11345,0,51892030,7317525
